全国地方公共団体コード,ID,地方公共団体名,名称,名称_カナ,名称_英語,所在地_全国地方公共団体コード,町字ID,所在地_連結表記,所在地_都道府県,所在地_市区町村,所在地_町字,所在地_番地以下,建物名等(方書),設置位置,緯度,経度,高度の種別,高度の値,男性トイレ総数,男性トイレ数（小便器）,男性トイレ数（和式）,男性トイレ数（洋式）,女性トイレ総数,女性トイレ数（和式）,女性トイレ数（洋式）,男女共用トイレ総数,男女共用トイレ数（和式）,男女共用トイレ数（洋式）,バリアフリートイレ数,車椅子使用者用トイレ有無,乳幼児用設備設置トイレ有無,オストメイト設置トイレ有無,利用開始時間,利用終了時間,利用可能時間特記事項,画像,画像_ライセンス,備考
131181,131181C00001,荒川区,荒川五丁目児童遊園トイレ,アラカワゴチョウメジドウユウエントイレ,,131181,,東京都荒川区荒川5-24-7,東京都,荒川区,荒川5丁目,24-7,,京成線「新三河島」徒歩5分,35.738949,139.773709,,,1,1,0,0,0,0,0,1,1,0,0,無,無,無,,,,,,
131181,131181C00002,荒川区,荒川東公園トイレ,アラカワヒガシコウエントイレ,,131181,,東京都荒川区荒川1-4-10,東京都,荒川区,荒川1丁目,4-10,,東京さくらトラム（都電荒川線）「荒川区役所前」徒歩1分,35.735710,139.786462,,,2,2,0,0,0,0,0,1,1,0,0,無,無,無,,,,,,
131181,131181C00003,荒川区,新地児童遊園トイレ,シンチジドウユウエントイレ,,131181,,東京都荒川区荒川6-39-1,東京都,荒川区,荒川6丁目,39-1,,東京さくらトラム（都電荒川線）「町屋二丁目」徒歩2分,35.742994,139.777679,,,2,2,0,0,0,0,0,1,1,0,0,無,無,無,,,,,,
131181,131181C00004,荒川区,荒川五丁目公園トイレ,アラカワゴチョウメコウエントイレ,,131181,,東京都荒川区荒川5-41-1,東京都,荒川区,荒川5丁目,41-1,,京成線「新三河島」徒歩5分,35.739489,139.776844,,,2,2,0,0,0,0,0,1,1,0,0,無,無,無,,,,,,
131181,131181C00005,荒川区,荒川二丁目公園トイレ,アラカワニチョウメコウエントイレ,,131181,,東京都荒川区荒川2-58-2,東京都,荒川区,荒川2丁目,58-2,,東京さくらトラム（都電荒川線）「荒川七丁目」徒歩3分,35.740334,139.782607,,,2,1,0,1,1,0,1,0,0,0,1,有,有,有,,,,,,R7.4中旬使用開始
131181,131181C00006,荒川区,荒川五丁目東児童遊園トイレ,アラカワゴチョウメヒガシジドウユウエントイレ,,131181,,東京都荒川区荒川5-7-2,東京都,荒川区,荒川5丁目,7-2,,京成線「新三河島」徒歩5分,35.738139,139.776574,,,0,0,0,0,0,0,0,0,0,0,1,有,有,有,,,,,,
131181,131181C00007,荒川区,荒川三丁目公園トイレ,アラカワサンチョウメコウエントイレ,,131181,,東京都荒川区荒川3-33-8,東京都,荒川区,荒川3丁目,33-8,,東京さくらトラム（都電荒川線）「荒川区役所前」徒歩7分,35.735121,139.781670,,,1,1,0,0,0,0,0,1,0,1,0,無,無,無,,,,,,
131181,131181C00008,荒川区,花の木児童遊園トイレ,ハナノキジドウユウエントイレ,,131181,,東京都荒川区荒川6-14-3,東京都,荒川区,荒川6丁目,14-3,,東京メトロ千代田線、京成線、東京さくらトラム（都電荒川線）「町屋」徒歩3分,35.741023,139.778306,,,1,1,0,0,0,0,0,1,1,0,0,無,無,無,,,,,,
131181,131181C00009,荒川区,荒川自然公園トイレ（テニスコート）,アラカワシゼンコウエントイレ（テニスコート）,,131181,,東京都荒川区荒川8-25-3,東京都,荒川区,荒川8丁目,25-3,,東京さくらトラム（都電荒川線）「荒川二丁目」、コミュニティバスさくら「荒川自然公園入口」下車 徒歩3分;荒川区役所から徒歩5分,35.740687,139.785597,,,5,3,0,2,3,0,3,0,0,0,0,無,有,無,,,,,,R7.4頃使用開始
131181,131181C00010,荒川区,荒川二丁目南公園トイレ,アラカワニチョウメミナミコウエントイレ,,131181,,東京都荒川区荒川2-18-6,東京都,荒川区,荒川2丁目,18-6,,東京さくらトラム（都電荒川線）「荒川二丁目」徒歩3分,35.737530,139.783523,,,3,2,1,0,2,2,0,0,0,0,0,無,無,無,,,,,,
131181,131181C00011,荒川区,荒川自然公園トイレ（アスレチックコーナー）,アラカワシゼンコウエントイレ（アスレチックコーナー）,,131181,,東京都荒川区荒川8-25-3,東京都,荒川区,荒川8丁目,25-3,,東京さくらトラム（都電荒川線）「荒川二丁目」徒歩3分;荒川区役所から徒歩5分,35.740687,139.785597,,,5,3,2,0,3,3,0,0,0,0,0,無,無,無,,,,,,
131181,131181C00012,荒川区,荒川自然公園トイレ（徒渉池）,アラカワシゼンコウエントイレ（トショウチ）,,131181,,東京都荒川区荒川8-25-3,東京都,荒川区,荒川8丁目,25-3,,東京さくらトラム（都電荒川線）「荒川二丁目」 徒歩3分;荒川区役所から徒歩5分,35.740687,139.785597,,,5,3,1,1,3,2,1,0,0,0,0,無,無,無,,,,,,
131181,131181C00013,荒川区,三河島第二児童遊園トイレ,ミカワシマダイニジドウユウエントイレ,,131181,,東京都荒川区荒川2-31-7,東京都,荒川区,荒川2丁目,31-7,,東京さくらトラム（都電荒川線）「荒川二丁目」徒歩3分,35.738625,139.781882,,,1,1,0,0,0,0,0,0,0,0,1,有,有,有,,,,,,
131181,131181C00014,荒川区,峡田児童遊園トイレ,ハケタジドウユウエントイレ,,131181,,東京都荒川区荒川1-55-2,東京都,荒川区,荒川1丁目,55-2,,東京さくらトラム（都電荒川線）「荒川一中前」徒歩4分,35.732874,139.786034,,,1,1,0,0,0,0,0,0,0,0,1,有,無,有,,,,,,
131181,131181C00015,荒川区,三河島公園トイレ,ミカワシマコウエントイレ,,131181,,東京都荒川区荒川8-25-2,東京都,荒川区,荒川8丁目,25-2,,東京さくらトラム（都電荒川線）「荒川二丁目」徒歩3分,35.742178,139.787657,,,1,1,0,0,0,0,0,0,0,0,1,有,有,有,,,,,,
131181,131181C00016,荒川区,荒川公園トイレ（北）,アラカワコウエントイレ（キタ）,,131181,,東京都荒川区荒川2-2-3,東京都,荒川区,荒川2丁目,2-3,,東京さくらトラム（都電荒川線）「荒川区役所前」徒歩5分,35.736149,139.783420,,,1,1,0,0,0,0,0,0,0,0,1,有,有,有,,,,,,
131181,131181C00017,荒川区,荒川公園トイレ（南）,アラカワコウエントイレ（ミナミ）,,131181,,東京都荒川区荒川2-2-3,東京都,荒川区,荒川2丁目,2-3,,東京さくらトラム（都電荒川線）「荒川区役所前」徒歩5分,35.736149,139.783420,,,6,4,1,1,4,1,3,0,0,0,1,有,有,有,,,,,,
131181,131181C00018,荒川区,荒川自然公園トイレ（野球場）,アラカワシゼンコウエントイレ（ヤキュウジョウ）,,131181,,東京都荒川区荒川8-25-3,東京都,荒川区,荒川8丁目,25-3,,東京さくらトラム（都電荒川線）「荒川二丁目」徒歩3分;荒川区役所から徒歩5分,35.740687,139.785597,,,3,2,0,1,1,0,1,0,0,0,2,有,有,有,,,,,,
131181,131181C00019,荒川区,荒川自然公園トイレ（管理事務所）,アラカワシゼンコウエントイレ（カンリジムショ）,,131181,,東京都荒川区荒川8-25-3,東京都,荒川区,荒川8丁目,25-3,,東京さくらトラム（都電荒川線）「荒川二丁目」徒歩3分;荒川区役所から徒歩5分,35.740687,139.785597,,,2,2,0,0,1,1,0,0,0,0,2,有,有,有,,,,,,
131181,131181C00020,荒川区,荒川自然公園トイレ（交通園）,アラカワシゼンコウエントイレ（コウツウエン）,,131181,,東京都荒川区荒川8-25-3,東京都,荒川区,荒川8丁目,25-3,,東京さくらトラム（都電荒川線）「荒川二丁目」徒歩6分;荒川区役所から徒歩5分,35.740687,139.785597,,,2,1,1,0,4,3,1,0,0,0,1,有,有,無,,,,,,
131181,131181C00021,荒川区,町屋五丁目南公園トイレ,マチヤゴチョウメミナミコウエントイレ,,131181,,東京都荒川区町屋5-11-20,東京都,荒川区,町屋5丁目,11-20,,東京さくらトラム（都電荒川線）「町屋二丁目」徒歩12分;東京さくらトラム（都電荒川線）「東尾久三丁目」徒歩12分;東京さくらトラム（都電荒川線）「熊野前」徒歩13分,35.750758,139.779050,,,2,2,0,0,0,0,0,1,1,0,0,無,無,無,,,,,,
131181,131181C00022,荒川区,町屋五丁目北公園トイレ,マチヤゴチョウメキタコウエントイレ,,131181,,東京都荒川区町屋5-17-3,東京都,荒川区,町屋5丁目,17-3,,東京さくらトラム（都電荒川線）「町屋二丁目」徒歩14分;東京さくらトラム（都電荒川線）「東尾久三丁目」徒歩14分;東京メトロ千代田線「町屋」徒歩14分,35.751676,139.779865,,,2,2,0,0,0,0,0,1,1,0,0,無,無,無,,,,,,
131181,131181C00023,荒川区,町屋三丁目児童遊園トイレ,マチヤサンチョウメジドウユウエントイレ,,131181,,東京都荒川区町屋3-27-6,東京都,荒川区,町屋3丁目,27-6,,東京メトロ千代田線「町屋」徒歩9分;東京さくらトラム（都電荒川線）「町屋駅前」徒歩9分;京成線「町屋」徒歩11分,35.749252,139.782990,,,2,2,0,0,0,0,0,1,0,1,0,無,有,無,,,,,,
131181,131181C00024,荒川区,町屋七丁目児童遊園トイレ,マチヤナナチョウメジドウユウエントイレ,,131181,,東京都荒川区町屋7-19-8,東京都,荒川区,町屋7丁目,19-8,,東京さくらトラム（都電荒川線）「荒川七丁目」徒歩14分;東京メトロ千代田線「町屋」徒歩15分;都電さくらトラム（都電荒川線）「町屋駅前」徒歩15分,35.749168,139.788576,,,2,2,0,0,0,0,0,1,1,0,0,無,無,無,,,,,,
131181,131181C00025,荒川区,町屋第四児童遊園トイレ,マチヤダイヨンジドウユウエントイレ,,131181,,東京都荒川区町屋3-10-13,東京都,荒川区,町屋3丁目,10-13,,東京メトロ千代田線「町屋」徒歩6分;東京さくらトラム（都電荒川線）「町屋駅前」徒歩6分;京成線「町屋」徒歩8分,35.747136,139.782580,,,1,1,0,0,0,0,0,1,1,0,0,無,無,無,,,,,,
131181,131181C00026,荒川区,江川堀児童遊園トイレ,エガワボリジドウユウエントイレ,,131181,,東京都荒川区町屋6-4-12,東京都,荒川区,町屋6丁目,4-12,,東京メトロ千代田線「町屋」徒歩11分;東京さくらトラム（都電荒川線）「町屋駅前」徒歩11分;京成線「町屋」徒歩12分,35.750235,139.782437,,,1,1,0,0,0,0,0,1,1,0,0,無,無,無,,,,,,
131181,131181C00027,荒川区,町屋第二児童遊園トイレ,マチヤダイニジドウユウエントイレ,,131181,,東京都荒川区町屋4-3-10,東京都,荒川区,町屋4丁目,3-10,,東京さくらトラム（都電荒川線）「町屋二丁目」徒歩4分;東京さくらトラム（都電荒川線）「東尾久三丁目」徒歩5分;東京メトロ千代田線「町屋」徒歩8分,35.746174,139.777819,,,2,2,0,0,0,0,0,1,1,0,0,無,無,無,,,,,,
131181,131181C00029,荒川区,荒木田公園トイレ,アラキダコウエントイレ,,131181,,東京都荒川区町屋7-4-5,東京都,荒川区,町屋7丁目,4-5,,東京メトロ千代田線「町屋」徒歩15分;東京さくらトラム（都電荒川線）「町屋駅前」徒歩15分;京成線「町屋」徒歩15分,35.751609,139.786838,,,3,3,0,0,0,0,0,2,2,0,0,無,無,無,,,,,,
131181,131181C00030,荒川区,町屋七丁目北児童遊園トイレ,マチヤナナチョウメキタジドウユウエントイレ,,131181,,東京都荒川区町屋7-5-8,東京都,荒川区,町屋7丁目,5-8,,東京メトロ千代田線「町屋」徒歩15分;東京さくらトラム（都電荒川線）「町屋駅前」徒歩15分;京成線「町屋」徒歩16分,35.751710,139.787497,,,1,1,0,0,0,0,0,1,1,0,0,無,無,無,,,,,,
131181,131181C00031,荒川区,原公園トイレ,ハラコウエントイレ,,131181,,東京都荒川区町屋5-9-7,東京都,荒川区,町屋5丁目,9-7,,東京さくらトラム（都電荒川線）「東尾久三丁目」徒歩9分;東京さくらトラム（都電荒川線）「町屋二丁目」徒歩10分;東京さくらトラム（都電荒川線）「熊野前」徒歩10分,35.749953,139.777752,,,3,2,1,0,3,2,1,0,0,0,0,無,無,無,,,,,,
131181,131181C00032,荒川区,原稲荷公衆トイレ（稲荷神社）,ハライナリコウシュウトイレ（イナリジンジャ）,,131181,,東京都荒川区町屋2-8-7,東京都,荒川区,町屋2丁目,8-7,,東京メトロ千代田線「町屋」徒歩3分;東京さくらトラム（都電荒川線）「町屋駅前」徒歩3分;京成線「町屋」徒歩4分,35.743888,139.780065,,,1,1,0,0,0,0,0,0,0,0,1,有,有,有,,,,,,
131181,131181C00033,荒川区,藍染公園トイレ,アイゾメコウエントイレ,,131181,,東京都荒川区町屋1-34-9,東京都,荒川区,町屋1丁目,34-9,,東京さくらトラム（都電荒川線）「荒川七丁目」徒歩5分;京成線「町屋」徒歩8分;東京メトロ千代田線「町屋」徒歩8分,35.745047,139.785784,,,3,2,0,1,2,0,2,0,0,0,1,有,有,有,,,,,,
131181,131181C00034,荒川区,町屋六丁目児童遊園トイレ,マチヤロクチョウメジドウユウエントイレ,,131181,,東京都荒川区町屋6-22-3,東京都,荒川区,町屋6丁目,22-3,,東京メトロ千代田線「町屋」徒歩14分;東京さくらトラム（都電荒川線）「町屋駅前」徒歩14分;京成線「町屋」徒歩15分,35.751775,139.782947,,,2,2,0,0,0,0,0,0,0,0,1,有,無,無,,,,,,
131181,131181C00035,荒川区,町屋七丁目公園トイレ,マチヤナナチョウメコウエントイレ,,131181,,東京都荒川区町屋7-16-6,東京都,荒川区,町屋7丁目,16-6,,東京さくらトラム（都電荒川線）「荒川七丁目」徒歩16分;東京さくらトラム（都電荒川線）「町屋駅前」徒歩16分;東京メトロ千代田線「町屋」徒歩16分,35.750102,139.789380,,,1,1,0,0,0,0,0,1,1,0,1,有,有,無,,,,,,
131181,131181C00036,荒川区,町屋六丁目北児童遊園トイレ,マチヤロクチョウメキタジドウユウエントイレ,,131181,,東京都荒川区町屋6-37-2,東京都,荒川区,町屋6丁目,37-2,,東京メトロ千代田線「町屋」徒歩15分;東京さくらトラム（都電荒川線）「町屋駅前」徒歩15分;京成線「町屋」徒歩16分,35.753194,139.783710,,,1,1,0,0,0,0,0,0,0,0,1,有,無,無,,,,,,
131181,131181C00037,荒川区,町屋二丁目児童遊園トイレ,マチヤニチョウメジドウユウエントイレ,,131181,,東京都荒川区町屋2-19-2,東京都,荒川区,町屋2丁目,19-2,,東京さくらトラム（都電荒川線）「町屋二丁目」徒歩1分;東京さくらトラム（都電荒川線）「東尾久三丁目」徒歩4分;東京メトロ千代田線「町屋」徒歩6分,35.745206,139.777163,,,1,1,0,0,0,0,0,0,0,0,1,有,有,有,,,,,,
131181,131181C00038,荒川区,西日暮里六丁目公園トイレ,ニシニッポリロクチョウメコウエントイレ,,131181,,東京都荒川区西日暮里6-11-2,東京都,荒川区,西日暮里6丁目,11-2,,京成線「新三河島」徒歩3分;日暮里舎人ライナー「西日暮里」徒歩7分;山手線、京浜東北線「西日暮里」徒歩8分,35.736918,139.772125,,,2,2,0,0,0,0,0,1,0,1,0,無,有,無,,,,,,
131181,131181C00039,荒川区,小鳩児童遊園トイレ,コバトジドウユウエントイレ,,131181,,東京都荒川区西日暮里1-17-5,東京都,荒川区,西日暮里1丁目,17-5,,京成線「新三河島」徒歩2分;常磐線「三河島」徒歩8分;東京メトロ千代田線「町屋」徒歩10分,35.736446,139.774971,,,2,2,0,0,0,0,0,1,1,0,0,無,無,無,,,,,,
131181,131181C00040,荒川区,西日暮里公園トイレ,ニシニッポリコウエントイレ,,131181,,東京都荒川区西日暮里3-5-5,東京都,荒川区,西日暮里3丁目,5-5,,山手線、京浜東北線「西日暮里」徒歩2分;日暮里舎人ライナー「西日暮里」徒歩5分,35.731340,139.766676,,,3,2,0,1,2,0,2,0,0,0,0,無,有,無,,,,,,
131181,131181C00041,荒川区,真土公園トイレ,マツチコウエントイレ,,131181,,東京都荒川区西日暮里1-26-9,東京都,荒川区,西日暮里1丁目,26-9,,常磐線「三河島」徒歩4分;京成線「新三河島」徒歩6分,35.733802,139.775994,,,3,2,0,1,1,0,1,0,0,0,0,無,無,無,,,,,,
131181,131181C00042,荒川区,諏方台公衆トイレ（諏方神社）,スワダイコウシュウトイレ（スワダイジンジャ）,,131181,,東京都荒川区西日暮里3-4-8,東京都,荒川区,西日暮里3丁目,4-8,,山手線、京浜東北線「西日暮里」徒歩3分;東京メトロ千代田線「西日暮里」徒歩3分;日暮里舎人ライナー「西日暮里」下車徒歩5分,35.730864,139.767072,,,3,2,0,1,2,0,2,0,0,0,0,無,有,無,,,,,,
131181,131181C00043,荒川区,西日暮里駅前公衆トイレ,ニシニッポリエキマエコウシュウトイレ,,131181,,東京都荒川区西日暮里5-38-2,東京都,荒川区,西日暮里5丁目,38-2,,山手線、京浜東北線「西日暮里」徒歩1分;日暮里舎人ライナー「西日暮里」徒歩1分;東京メトロ千代田線「西日暮里」徒歩2分,35.732471,139.766697,,,3,2,1,0,2,0,2,0,0,0,0,無,無,無,,,,,,R7.8頃使用開始
131181,131181C00044,荒川区,日暮里公園トイレ,ニッポリコウエントイレ,,131181,,東京都荒川区東日暮里3-11-10,東京都,荒川区,東日暮里3丁目,11-10,,常磐線「三河島」徒歩7分,35.729885,139.781709,,,2,2,0,0,2,0,2,0,0,0,1,有,有,有,,,,,,
131181,131181C00045,荒川区,日暮里駅東口公衆トイレ,ニッポリエキヒガシグチコウシュウトイレ,,131181,,東京都荒川区西日暮里2-19-1,東京都,荒川区,西日暮里2丁目,19-1,,日暮里舎人ライナー「日暮里」徒歩1分;山手線、京浜東北線、常磐線「日暮里」徒歩1分;京成線「日暮里」徒歩1分,35.728073,139.771257,,,6,4,1,1,3,1,2,0,0,0,1,有,有,有,,,,,,
131181,131181C00046,荒川区,日暮里南公園トイレ,ニッポリミナミコウエントイレ,,131181,,東京都荒川区東日暮里5-19-1,東京都,荒川区,東日暮里5丁目,19-1,,日暮里舎人ライナー「日暮里」徒歩8分;山手線、京浜東北線、常磐線「日暮里」徒歩8分,35.726775,139.776867,,,3,2,0,1,2,1,1,0,0,0,1,有,有,有,,,,,,
131181,131181C00047,荒川区,東日暮里一丁目公園トイレ,ヒガシニッポリイッチョウメコウエントイレ,,131181,,東京都荒川区東日暮里1-17-22,東京都,荒川区,東日暮里1丁目,17-22,,東京さくらトラム（都電荒川線）「三ノ輪橋」徒歩4分;東京さくらトラム（都電荒川線）「荒川一中前」徒歩7分,35.730440,139.789251,,,3,2,0,1,2,0,2,0,0,0,1,有,有,有,,,,,,
131181,131181C00048,荒川区,西日暮里一丁目広場トイレ,ニシニッポリイチチョウメヒロバトイレ,,131181,,東京都荒川区西日暮里1-6-20,東京都,荒川区,西日暮里1丁目,6-20,,常磐線「三河島」徒歩3分,35.733481,139.776158,,,2,1,0,1,1,0,1,0,0,0,1,有,有,有,,,,,,
131181,131181C00049,荒川区,日暮里駅西口公衆トイレ,ニッポリエキニシグチコウシュウトイレ,,131181,,東京都荒川区西日暮里2-19-11,東京都,荒川区,西日暮里2丁目,19-11,,山手線、京浜東北線、常磐線「日暮里」徒歩1分;日暮里舎人ライナー「日暮里」徒歩2分,35.728268,139.770892,,,1,1,0,0,1,0,1,0,0,0,1,有,有,有,,,,,,
131181,131181C00051,荒川区,南千住浄水場遊戯広場トイレ,ミナミセンジュジョウスイジョウユウギヒロバトイレ,,131181,,東京都荒川区南千住6-39-15,東京都,荒川区,南千住6丁目,39-15,,JR、つくばエクスプレス、東京メトロ日比谷線「南千住」 徒歩13分,35.739203,139.794239,,,0,0,0,0,0,0,0,1,1,0,0,無,無,無,,,,,,
131181,131181C00052,荒川区,瑞光公園トイレ,ズイコウコウエントイレ,,131181,,東京都荒川区南千住1-26-10,東京都,荒川区,南千住1丁目,26-10,,東京さくらトラム（都電荒川線）「荒川一中前」 徒歩3分,35.733594,139.790616,,,2,1,0,1,1,0,1,0,0,0,1,有,有,有,,,,,,R7.6頃使用開始
131181,131181C00053,荒川区,若葉児童遊園トイレ,ワカバジドウユウエントイレ,,131181,,東京都荒川区南千住5-12-3,東京都,荒川区,南千住5丁目,12-3,,JR、つくばエクスプレス、東京メトロ日比谷線「南千住」 徒歩6分,35.734642,139.795006,,,0,0,0,0,0,0,0,1,0,1,1,有,有,無,,,,,,
131181,131181C00054,荒川区,素盞雄神社境内公衆トイレ,スサノオジンジャケイダイコウシュウトイレ,,131181,,東京都荒川区南千住6-60-1,東京都,荒川区,南千住6丁目,60-1,,JR、つくばエクスプレス、東京メトロ日比谷線「南千住」 徒歩9分,35.737158,139.796080,,,1,1,0,0,0,0,0,1,0,1,0,無,有,無,,,,,,
131181,131181C00055,荒川区,南千住駅ガ－ド下公衆トイレ,ミナミセンジュエキガードシタコウシュウトイレ,,131181,,東京都荒川区南千住2-34-1,東京都,荒川区,南千住2丁目,34-1,,JR、つくばエクスプレス、東京メトロ日比谷線「南千住」 徒歩1分,35.731259,139.797138,,,4,3,0,1,2,0,2,0,0,0,0,無,無,無,,,,,,R7.8頃使用開始
131181,131181C00056,荒川区,リバーハープ公園トイレ,リバーハープコウエントイレ,,131181,,東京都荒川区南千住4-9-5,東京都,荒川区,南千住4丁目,9-5,,JR、つくばエクスプレス、東京メトロ日比谷線「南千住」 徒歩11分,35.736365,139.803872,,,3,2,0,1,2,1,1,0,0,0,0,有,無,無,,,,,,
131181,131181C00057,荒川区,南千住一丁目公衆トイレ（三ノ輪橋停留場前）,ミナミセンジュイッチョウメコウシュウトイレ（ミノワバシテイリュウジョウマエ）,,131181,,東京都荒川区南千住1-16-7,東京都,荒川区,南千住1丁目,16-7,,東京さくらトラム（都電荒川線）「三ノ輪橋」 徒歩1分,35.732127,139.791792,,,2,2,0,0,1,0,1,0,0,0,2,有,有,有,,,,,,
131181,131181C00058,荒川区,地蔵堀児童遊園トイレ,ジゾウボリジドウユウエントイレ,,131181,,東京都荒川区南千住6-11-1,東京都,荒川区,南千住6丁目,11-1,,東京さくらトラム（都電荒川線）「荒川二丁目」 徒歩10分,35.739127,139.790001,,,1,1,0,0,0,0,0,0,0,0,1,有,有,有,,,,,,
131181,131181C00059,荒川区,南千住第四児童遊園トイレ,ミナミセンジュダイヨンジドウユウエントイレ,,131181,,東京都荒川区南千住1-56-16,東京都,荒川区,南千住1丁目,56-16,,東京さくらトラム（都電荒川線）「三ノ輪橋」 徒歩5分,35.733481,139.792823,,,1,1,0,0,0,0,0,0,0,0,1,有,有,有,,,,,,
131181,131181C00060,荒川区,ドナウ広場公衆トイレ,ドナウヒロバコウシュウトイレ,,131181,,東京都荒川区南千住4-1-2,東京都,荒川区,南千住4丁目,1-2,,JR、つくばエクスプレス、東京メトロ日比谷線「南千住」 徒歩2分,35.732656,139.799626,,,4,3,0,1,2,2,0,0,0,0,1,有,有,無,,,,,,
131181,131181C00061,荒川区,天王公園トイレ,テンノウコウエントイレ,,131181,,東京都荒川区南千住6-67-21,東京都,荒川区,南千住6丁目,67-21,,JR、つくばエクスプレス、東京メトロ日比谷線「南千住」 徒歩10分,35.738310,139.795256,,,5,3,0,2,2,0,2,0,0,0,1,有,有,有,,,,,,
131181,131181C00062,荒川区,瑞光橋公園トイレ,ズイコウバシコウエントイレ,,131181,,東京都荒川区南千住8-18-1,東京都,荒川区,南千住8丁目,18-1,,JR、つくばエクスプレス、東京メトロ日比谷線「南千住」 徒歩20分,35.733904,139.808414,,,3,2,1,0,2,1,1,0,0,0,1,有,有,無,,,,,,
131181,131181C00063,荒川区,南千住三丁目公園トイレ,ミナミセンジュサンチョウメコウエントイレ,,131181,,東京都荒川区南千住3-28-67,東京都,荒川区,南千住3丁目,28-67,,JR、つくばエクスプレス、東京メトロ日比谷線「南千住」 徒歩20分,35.729790,139.806982,,,1,1,0,0,0,0,0,0,0,0,1,有,有,有,,,,,,
131181,131181C00064,荒川区,西尾久五丁目児童遊園トイレ,ニシオグゴチョウメジドウユウエントイレ,,131181,,東京都荒川区西尾久5-5-11,東京都,荒川区,西尾久5丁目,5-11,,東京さくらトラム（都電荒川線）「小台」 徒歩2分,35.749415,139.760852,,,2,2,0,0,0,0,0,1,0,1,0,無,無,無,,,,,,
131181,131181C00065,荒川区,東尾久三丁目北児童遊園トイレ,ヒガシオグサンチョウメキタジドウユウエントイレ,,131181,,東京都荒川区東尾久3-18-4,東京都,荒川区,東尾久3丁目,18-4,,日暮里舎人ライナー、東京さくらトラム（都電荒川線）「熊野前」 徒歩3分,35.746901,139.771604,,,2,2,0,0,0,0,0,1,0,1,0,無,有,無,,,,,,
131181,131181C00066,荒川区,西尾久四丁目公園トイレ,ニシオグヨンチョウメコウエントイレ,,131181,,東京都荒川区西尾久4-6-3,東京都,荒川区,西尾久4丁目,6-3,,JR「尾久」 徒歩15分,35.744239,139.761060,,,2,1,0,1,1,0,1,0,0,0,1,有,有,有,,,,,,R7.6頃使用開始
131181,131181C00067,荒川区,西尾久四丁目北公園トイレ,ニシオクヨンチョウメキタコウエントイレ,,131181,,東京都荒川区西尾久4-12-6,東京都,荒川区,西尾久4丁目,12-6,,JR「尾久」 徒歩10分;東京さくらトラム（都電荒川線）「小台」 徒歩8分,35.745721,139.760500,,,2,2,0,0,0,0,0,1,0,1,0,無,無,無,,,,,,
131181,131181C00068,荒川区,東尾久一丁目児童遊園トイレ,ヒガシオグイッチョウメジドウユウエントイレ,,131181,,東京都荒川区東尾久1-24-21,東京都,荒川区,東尾久1丁目,24-21,,日暮里舎人ライナー「赤土小学校前」 徒歩6分,35.739854,139.770873,,,1,1,0,0,0,0,0,1,1,0,0,無,無,無,,,,,,
131181,131181C00069,荒川区,東尾久上児童遊園トイレ,ヒガシオグカミジドウユウエントイレ,,131181,,東京都荒川区東尾久4-24-10,東京都,荒川区,東尾久4丁目,24-10,,日暮里舎人ライナー「赤土小学校前」 徒歩2分,35.741867,139.766695,,,1,1,0,0,0,0,0,2,1,1,0,無,無,無,,,,,,
131181,131181C00070,荒川区,尾久第三児童遊園トイレ,オクダイサンジドウユウエントイレ,,131181,,東京都荒川区東尾久6-5-10,東京都,荒川区,東尾久6丁目,5-10,,東京さくらトラム（都電荒川線）「東尾久三丁目」 徒歩1分,35.745618,139.774759,,,1,1,0,0,0,0,0,1,0,1,0,無,有,無,,,,,,
131181,131181C00071,荒川区,尾久橋公衆トイレ,オグバシコウシュウトイレ,,131181,,東京都荒川区東尾久8-7-11,東京都,荒川区,東尾久8丁目,7-11,,東京さくらトラム（都電荒川線）「熊野前駅」 徒歩6分;日暮里舎人ライナー「西日暮里駅」 徒歩8分,35.751769,139.770148,,,2,2,0,0,0,0,0,1,1,0,0,無,無,無,,,,,,
131181,131181C00072,荒川区,東尾久五丁目南児童遊園トイレ,ヒガシオクゴチョウメミナミジドウユウエントイレ,,131181,,東京都荒川区東尾久5-28-3,東京都,荒川区,東尾久5丁目,28-3,,日暮里舎人ライナー「赤土小学校前」 徒歩5分,35.745410,139.766747,,,2,2,0,0,0,0,0,1,0,1,0,無,無,無,,,,,,
131181,131181C00073,荒川区,尾久第一児童遊園トイレ,オグダイイチジドウユウエントイレ,,131181,,東京都荒川区東尾久4-45-3,東京都,荒川区,東尾久4丁目,45-3,,日暮里舎人ライナー「赤土小学校前」 徒歩2分,35.743816,139.766049,,,1,1,0,0,0,0,0,1,0,1,0,無,有,無,,,,,,
131181,131181C00074,荒川区,西尾久八丁目児童遊園トイレ,ニシオグハチチョウメジドウユウエントイレ,,131181,,東京都荒川区西尾久8-12-8,東京都,荒川区,西尾久8丁目,12-8,,都電荒川線「荒川車庫前」 徒歩3分,35.752349,139.754798,,,1,1,0,0,0,0,0,1,1,0,0,無,無,無,,,,,,
131181,131181C00075,荒川区,尾久第四児童遊園トイレ,オグダイヨンジドウユウエントイレ,,131181,,東京都荒川区東尾久6-21-2,東京都,荒川区,東尾久6丁目,21-2,,東京さくらトラム（都電荒川線）「東尾久三丁目」 徒歩5分,35.747779,139.774954,,,2,2,0,0,0,0,0,1,1,0,0,無,無,無,,,,,,
131181,131181C00076,荒川区,尾久八幡公園トイレ,オグハチマンコウエントイレ,,131181,,東京都荒川区西尾久3-6-4,東京都,荒川区,西尾久3丁目,6-4,,東京さくらトラム（都電荒川線）「宮ノ前」 徒歩1分,35.750844,139.764910,,,2,2,0,0,0,0,0,1,0,1,0,無,無,無,,,,,,
131181,131181C00077,荒川区,西尾久一丁目児童遊園トイレ,ニシオグイッチョウメジドウユウエントイレ,,131181,,東京都荒川区西尾久1-26-7,東京都,荒川区,西尾久1丁目,26-7,,東京さくらトラム（都電荒川線）「小台」 徒歩7分,35.745713,139.761737,,,1,1,0,0,0,0,0,1,0,1,0,無,無,無,,,,,,
131181,131181C00078,荒川区,熊野前公園トイレ,クマノマエコウエントイレ,,131181,,東京都荒川区東尾久8-1-1,東京都,荒川区,東尾久8丁目,1-1,,日暮里舎人ライナー、東京さくらトラム（都電荒川線）「熊野前」 徒歩3分,35.749547,139.771457,,,3,2,0,1,2,0,2,0,0,0,0,無,有,無,,,,,,
131181,131181C00079,荒川区,尾久小公園トイレ,オグショウコウエントイレ,,131181,,東京都荒川区東尾久6-42-6,東京都,荒川区,東尾久6丁目,42-6,,日暮里舎人ライナー、東京さくらトラム（都電荒川線）「熊野前」 徒歩10分,35.748615,139.772305,,,2,2,0,0,0,0,0,0,0,0,1,有,有,有,,,,,,
131181,131181C00080,荒川区,西尾久七丁目児童遊園トイレ,ニシオグナナチョウメジドウユウエントイレ,,131181,,東京都荒川区西尾久7-16-9,東京都,荒川区,西尾久7丁目,16-9,,東京さくらトラム（都電荒川線）「荒川遊園地前」徒歩3分,35.749348,139.756275,,,1,1,0,0,0,0,0,0,0,0,1,有,有,有,,,,,,
131181,131181C00081,荒川区,宮前公園（一期）トイレ,ミヤマエコウエン（イチキ）トイレ,,131181,,東京都荒川区東尾久8-45-22,東京都,荒川区,東尾久8丁目,45-22,,都電荒川線「宮ノ前」 徒歩5分,35.751154,139.766286,,,3,2,0,1,2,0,2,0,0,0,1,有,有,有,,,,,,
131181,131181C00082,荒川区,宮前公園（二期）トイレ,ミヤマエコウエン（ニキ）トイレ,,131181,,東京都荒川区東尾久8-45-22,東京都,荒川区,東尾久8丁目,45-22,,都電荒川線「宮ノ前」 徒歩5分,35.751154,139.766286,,,3,2,0,1,2,0,2,0,0,0,1,有,有,有,,,,,,
131181,131181C00083,荒川区,荒川四丁目公園トイレ,アラカワヨンチョウメコウエントイレ,,131181,,東京都荒川区荒川4丁目19-1,東京都,荒川区,荒川4丁目,19-1,,京成線「町屋駅」徒歩8分,35.73734606,139.7809521,,,2,1,0,1,1,0,1,0,0,0,1,有,有,有,,,,,,R7.4頃使用開始
131181,131181C00084,荒川区,若宮八幡児童遊園トイレ,ワカミヤハチマンジドウユウエントイレ,,131181,,東京都荒川区南千住6丁目35-7,東京都,荒川区,南千住6丁目,35-7,,東京さくらトラム（都電荒川線）「荒川一中前」徒歩10分,35.73848456,139.7919132,,,1,1,0,0,0,0,0,0,0,0,1,有,有,有,,,,,,
